email,username,password,confirm_password,role
csr1@email.com,csr1,1234567,1234567,CSR
csr2@email.com,csr2,1234567,1234567,CSR
csr3@email.com,csr3,1234567,1234567,CSR
csr4@email.com,csr4,1234567,1234567,CSR
csr5@email.com,csr5,1234567,1234567,CSR
csr6@email.com,csr6,1234567,1234567,CSR
csr7@email.com,csr7,1234567,1234567,CSR
csr8@email.com,csr8,1234567,1234567,CSR
csr9@email.com,csr9,1234567,1234567,CSR
csr10@email.com,csr10,1234567,1234567,CSR
csr11@email.com,csr11,1234567,1234567,CSR
csr12@email.com,csr12,1234567,1234567,CSR
csr13@email.com,csr13,1234567,1234567,CSR
csr14@email.com,csr14,1234567,1234567,CSR
csr15@email.com,csr15,1234567,1234567,CSR
csr16@email.com,csr16,1234567,1234567,CSR
csr17@email.com,csr17,1234567,1234567,CSR
csr18@email.com,csr18,1234567,1234567,CSR
csr19@email.com,csr19,1234567,1234567,CSR
csr20@email.com,csr20,1234567,1234567,CSR
csr21@email.com,csr21,1234567,1234567,CSR
csr22@email.com,csr22,1234567,1234567,CSR
csr23@email.com,csr23,1234567,1234567,CSR
csr24@email.com,csr24,1234567,1234567,CSR
csr25@email.com,csr25,1234567,1234567,CSR
csr26@email.com,csr26,1234567,1234567,CSR
csr27@email.com,csr27,1234567,1234567,CSR
csr28@email.com,csr28,1234567,1234567,CSR
csr29@email.com,csr29,1234567,1234567,CSR
csr30@email.com,csr30,1234567,1234567,CSR
csr31@email.com,csr31,1234567,1234567,CSR
csr32@email.com,csr32,1234567,1234567,CSR
csr33@email.com,csr33,1234567,1234567,CSR
csr34@email.com,csr34,1234567,1234567,CSR
csr35@email.com,csr35,1234567,1234567,CSR
csr36@email.com,csr36,1234567,1234567,CSR
csr37@email.com,csr37,1234567,1234567,CSR
csr38@email.com,csr38,1234567,1234567,CSR
csr39@email.com,csr39,1234567,1234567,CSR
csr40@email.com,csr40,1234567,1234567,CSR
csr41@email.com,csr41,1234567,1234567,CSR
csr42@email.com,csr42,1234567,1234567,CSR
csr43@email.com,csr43,1234567,1234567,CSR
csr44@email.com,csr44,1234567,1234567,CSR
csr45@email.com,csr45,1234567,1234567,CSR
csr46@email.com,csr46,1234567,1234567,CSR
csr47@email.com,csr47,1234567,1234567,CSR
csr48@email.com,csr48,1234567,1234567,CSR
csr49@email.com,csr49,1234567,1234567,CSR
csr50@email.com,csr50,1234567,1234567,CSR
csr51@email.com,csr51,1234567,1234567,CSR
csr52@email.com,csr52,1234567,1234567,CSR
csr53@email.com,csr53,1234567,1234567,CSR
csr54@email.com,csr54,1234567,1234567,CSR
csr55@email.com,csr55,1234567,1234567,CSR
csr56@email.com,csr56,1234567,1234567,CSR
csr57@email.com,csr57,1234567,1234567,CSR
csr58@email.com,csr58,1234567,1234567,CSR
csr59@email.com,csr59,1234567,1234567,CSR
csr60@email.com,csr60,1234567,1234567,CSR
csr61@email.com,csr61,1234567,1234567,CSR
csr62@email.com,csr62,1234567,1234567,CSR
csr63@email.com,csr63,1234567,1234567,CSR
csr64@email.com,csr64,1234567,1234567,CSR
csr65@email.com,csr65,1234567,1234567,CSR
csr66@email.com,csr66,1234567,1234567,CSR
csr67@email.com,csr67,1234567,1234567,CSR
csr68@email.com,csr68,1234567,1234567,CSR
csr69@email.com,csr69,1234567,1234567,CSR
csr70@email.com,csr70,1234567,1234567,CSR
csr71@email.com,csr71,1234567,1234567,CSR
csr72@email.com,csr72,1234567,1234567,CSR
csr73@email.com,csr73,1234567,1234567,CSR
csr74@email.com,csr74,1234567,1234567,CSR
csr75@email.com,csr75,1234567,1234567,CSR
csr76@email.com,csr76,1234567,1234567,CSR
csr77@email.com,csr77,1234567,1234567,CSR
csr78@email.com,csr78,1234567,1234567,CSR
csr79@email.com,csr79,1234567,1234567,CSR
csr80@email.com,csr80,1234567,1234567,CSR
csr81@email.com,csr81,1234567,1234567,CSR
csr82@email.com,csr82,1234567,1234567,CSR
csr83@email.com,csr83,1234567,1234567,CSR
csr84@email.com,csr84,1234567,1234567,CSR
csr85@email.com,csr85,1234567,1234567,CSR
csr86@email.com,csr86,1234567,1234567,CSR
csr87@email.com,csr87,1234567,1234567,CSR
csr88@email.com,csr88,1234567,1234567,CSR
csr89@email.com,csr89,1234567,1234567,CSR
csr90@email.com,csr90,1234567,1234567,CSR
csr91@email.com,csr91,1234567,1234567,CSR
csr92@email.com,csr92,1234567,1234567,CSR
csr93@email.com,csr93,1234567,1234567,CSR
csr94@email.com,csr94,1234567,1234567,CSR
csr95@email.com,csr95,1234567,1234567,CSR
csr96@email.com,csr96,1234567,1234567,CSR
csr97@email.com,csr97,1234567,1234567,CSR
csr98@email.com,csr98,1234567,1234567,CSR
csr99@email.com,csr99,1234567,1234567,CSR
csr100@email.com,csr100,1234567,1234567,CSR
