email,username,password,confirm_password,role,category
volunteer1@email.com,volunteer1,1234567,1234567,Volunteer,Cooking
volunteer2@email.com,volunteer2,1234567,1234567,Volunteer,medical checkup
volunteer3@email.com,volunteer3,1234567,1234567,Volunteer,Grocery Delivery
volunteer4@email.com,volunteer4,1234567,1234567,Volunteer,Elderly Companion
volunteer5@email.com,volunteer5,1234567,1234567,Volunteer,Child Care
volunteer6@email.com,volunteer6,1234567,1234567,Volunteer,Pet Care
volunteer7@email.com,volunteer7,1234567,1234567,Volunteer,Tutoring
volunteer8@email.com,volunteer8,1234567,1234567,Volunteer,Mental Health Support
volunteer9@email.com,volunteer9,1234567,1234567,Volunteer,Language Translation
volunteer10@email.com,volunteer10,1234567,1234567,Volunteer,Disability Support
volunteer11@email.com,volunteer11,1234567,1234567,Volunteer,Event Setup
volunteer12@email.com,volunteer12,1234567,1234567,Volunteer,Event Cleanup
volunteer13@email.com,volunteer13,1234567,1234567,Volunteer,Recycling Drive
volunteer14@email.com,volunteer14,1234567,1234567,Volunteer,Food Distribution
volunteer15@email.com,volunteer15,1234567,1234567,Volunteer,Blood Donation Drive
volunteer16@email.com,volunteer16,1234567,1234567,Volunteer,Health Screening
volunteer17@email.com,volunteer17,1234567,1234567,Volunteer,Clothing Donation
volunteer18@email.com,volunteer18,1234567,1234567,Volunteer,Shelter Assistance
volunteer19@email.com,volunteer19,1234567,1234567,Volunteer,First Aid Station
volunteer20@email.com,volunteer20,1234567,1234567,Volunteer,Transportation Aid
volunteer21@email.com,volunteer21,1234567,1234567,Volunteer,Community Outreach
volunteer22@email.com,volunteer22,1234567,1234567,Volunteer,Admin Support
volunteer23@email.com,volunteer23,1234567,1234567,Volunteer,Fundraising
volunteer24@email.com,volunteer24,1234567,1234567,Volunteer,Environmental Cleanup
volunteer25@email.com,volunteer25,1234567,1234567,Volunteer,Tree Planting
volunteer26@email.com,volunteer26,1234567,1234567,Volunteer,Technical Support
volunteer27@email.com,volunteer27,1234567,1234567,Volunteer,Website Maintenance
volunteer28@email.com,volunteer28,1234567,1234567,Volunteer,Photography
volunteer29@email.com,volunteer29,1234567,1234567,Volunteer,Graphic Design
volunteer30@email.com,volunteer30,1234567,1234567,Volunteer,Social Media
volunteer31@email.com,volunteer31,1234567,1234567,Volunteer,Call Center Support
volunteer32@email.com,volunteer32,1234567,1234567,Volunteer,Home Maintenance
volunteer33@email.com,volunteer33,1234567,1234567,Volunteer,Gardening
volunteer34@email.com,volunteer34,1234567,1234567,Volunteer,Donation Sorting
volunteer35@email.com,volunteer35,1234567,1234567,Volunteer,Public Awareness
volunteer36@email.com,volunteer36,1234567,1234567,Volunteer,Emergency Response
volunteer37@email.com,volunteer37,1234567,1234567,Volunteer,Traffic Marshalling
volunteer38@email.com,volunteer38,1234567,1234567,Volunteer,Sports Coaching
volunteer39@email.com,volunteer39,1234567,1234567,Volunteer,Fitness Workshops
volunteer40@email.com,volunteer40,1234567,1234567,Volunteer,Community Survey
volunteer41@email.com,volunteer41,1234567,1234567,Volunteer,Public Speaking
volunteer42@email.com,volunteer42,1234567,1234567,Volunteer,Sign Language Assistance
volunteer43@email.com,volunteer43,1234567,1234567,Volunteer,Library Support
volunteer44@email.com,volunteer44,1234567,1234567,Volunteer,Book Donation
volunteer45@email.com,volunteer45,1234567,1234567,Volunteer,Art Workshop
volunteer46@email.com,volunteer46,1234567,1234567,Volunteer,Music Workshop
volunteer47@email.com,volunteer47,1234567,1234567,Volunteer,Cultural Performance
volunteer48@email.com,volunteer48,1234567,1234567,Volunteer,IT Workshop
volunteer49@email.com,volunteer49,1234567,1234567,Volunteer,Resume Writing
volunteer50@email.com,volunteer50,1234567,1234567,Volunteer,Job Search Support
volunteer51@email.com,volunteer51,1234567,1234567,Volunteer,Waste Segregation
volunteer52@email.com,volunteer52,1234567,1234567,Volunteer,Public Health Education
volunteer53@email.com,volunteer53,1234567,1234567,Volunteer,COVID Assistance
volunteer54@email.com,volunteer54,1234567,1234567,Volunteer,Vaccination Support
volunteer55@email.com,volunteer55,1234567,1234567,Volunteer,Mentorship
volunteer56@email.com,volunteer56,1234567,1234567,Volunteer,Financial Literacy
volunteer57@email.com,volunteer57,1234567,1234567,Volunteer,Community Patrol
volunteer58@email.com,volunteer58,1234567,1234567,Volunteer,Home Visit
volunteer59@email.com,volunteer59,1234567,1234567,Volunteer,Disaster Relief
volunteer60@email.com,volunteer60,1234567,1234567,Volunteer,Soup Kitchen
volunteer61@email.com,volunteer61,1234567,1234567,Volunteer,Cleaning Services
volunteer62@email.com,volunteer62,1234567,1234567,Volunteer,Care Package Delivery
volunteer63@email.com,volunteer63,1234567,1234567,Volunteer,Beach Patrol
volunteer64@email.com,volunteer64,1234567,1234567,Volunteer,Water Distribution
volunteer65@email.com,volunteer65,1234567,1234567,Volunteer,Traffic Safety Education
volunteer66@email.com,volunteer66,1234567,1234567,Volunteer,First Aid Training
volunteer67@email.com,volunteer67,1234567,1234567,Volunteer,Wheelchair Repair
volunteer68@email.com,volunteer68,1234567,1234567,Volunteer,Hospital Visit
volunteer69@email.com,volunteer69,1234567,1234567,Volunteer,Rehabilitation Support
volunteer70@email.com,volunteer70,1234567,1234567,Volunteer,Animal Shelter
volunteer71@email.com,volunteer71,1234567,1234567,Volunteer,Adoption Drive
volunteer72@email.com,volunteer72,1234567,1234567,Volunteer,Arts for Seniors
volunteer73@email.com,volunteer73,1234567,1234567,Volunteer,Storytelling
volunteer74@email.com,volunteer74,1234567,1234567,Volunteer,Community Cooking
volunteer75@email.com,volunteer75,1234567,1234567,Volunteer,Public Transport Assistance
volunteer76@email.com,volunteer76,1234567,1234567,Volunteer,Clothing Repair
volunteer77@email.com,volunteer77,1234567,1234567,Volunteer,Donation Pickup
volunteer78@email.com,volunteer78,1234567,1234567,Volunteer,Waste Recycling Booth
volunteer79@email.com,volunteer79,1234567,1234567,Volunteer,Counseling Support
volunteer80@email.com,volunteer80,1234567,1234567,Volunteer,Career Guidance
volunteer81@email.com,volunteer81,1234567,1234567,Volunteer,Digital Literacy
volunteer82@email.com,volunteer82,1234567,1234567,Volunteer,Neighborhood Watch
volunteer83@email.com,volunteer83,1234567,1234567,Volunteer,Park Maintenance
volunteer84@email.com,volunteer84,1234567,1234567,Volunteer,Food Packing
volunteer85@email.com,volunteer85,1234567,1234567,Volunteer,Clothes Folding
volunteer86@email.com,volunteer86,1234567,1234567,Volunteer,Warehouse Sorting
volunteer87@email.com,volunteer87,1234567,1234567,Volunteer,Delivery Driver
volunteer88@email.com,volunteer88,1234567,1234567,Volunteer,Receptionist Support
volunteer89@email.com,volunteer89,1234567,1234567,Volunteer,Volunteer Coordination
volunteer90@email.com,volunteer90,1234567,1234567,Volunteer,Record Keeping
volunteer91@email.com,volunteer91,1234567,1234567,Volunteer,Supply Inventory
volunteer92@email.com,volunteer92,1234567,1234567,Volunteer,Event Registration
volunteer93@email.com,volunteer93,1234567,1234567,Volunteer,Survey Interview
volunteer94@email.com,volunteer94,1234567,1234567,Volunteer,Health Education Talk
volunteer95@email.com,volunteer95,1234567,1234567,Volunteer,Medication Reminder
volunteer96@email.com,volunteer96,1234567,1234567,Volunteer,Fundraiser Outreach
volunteer97@email.com,volunteer97,1234567,1234567,Volunteer,Art Therapy
volunteer98@email.com,volunteer98,1234567,1234567,Volunteer,Public Hygiene Drive
volunteer99@email.com,volunteer99,1234567,1234567,Volunteer,Sports Event Volunteer
volunteer100@email.com,volunteer100,1234567,1234567,Volunteer,Transportation Aid